class,member,descriptor,profile,status,semantics,limitations,tests
java/lang/Object,<init>,()V,baseline,partial_builtin,Mark direct Object superclass constructor completion,Only inside supported direct Object subclass constructors,tests/test_vm_objects.py
javax/microedition/rms/RecordStore,openRecordStore,(Ljava/lang/String;Z)Ljavax/microedition/rms/RecordStore;,farm_extension,planned,Open or create named file-backed store,Subset only,
javax/microedition/rms/RecordStore,addRecord,([BII)I,farm_extension,planned,Append record bytes and return record ID,Subset only,
javax/microedition/rms/RecordStore,setRecord,(I[BII)V,farm_extension,planned,Replace record bytes by ID,Subset only,
javax/microedition/rms/RecordStore,getRecord,(I)[B,farm_extension,planned,Read record bytes by ID,Subset only,
javax/microedition/rms/RecordStore,getNumRecords,()I,farm_extension,planned,Count live records,Subset only,
javax/microedition/rms/RecordStore,deleteRecord,(I)V,farm_extension,planned,Delete record by ID,Subset only,
javax/microedition/rms/RecordStore,deleteRecordStore,(Ljava/lang/String;)V,farm_extension,planned,Delete named persistent store,Subset only,
javax/microedition/rms/RecordStore,closeRecordStore,()V,farm_extension,planned,Close store handle,Subset only,
javax/microedition/media/Manager,createPlayer,(Ljava/io/InputStream;Ljava/lang/String;)Ljavax/microedition/media/Player;,farm_extension,planned,Create silent Player from stream and type,No audio playback,
javax/microedition/media/Player,realize,()V,farm_extension,planned,Advance Player state,No audio playback,
javax/microedition/media/Player,start,()V,farm_extension,planned,Enter started state,No audio playback,
javax/microedition/media/Player,stop,()V,farm_extension,planned,Leave started state,No audio playback,
javax/microedition/media/Player,close,()V,farm_extension,planned,Close Player resources,No audio playback,
javax/microedition/media/Player,setLoopCount,(I)V,farm_extension,planned,Store loop count,No audio playback,
javax/microedition/media/Controllable,getControl,(Ljava/lang/String;)Ljavax/microedition/media/Control;,farm_extension,planned,Resolve supported control,Volume control only,
javax/microedition/media/control/VolumeControl,setLevel,(I)I,farm_extension,planned,Set logical volume level,No audio playback,
