byte,mnemonic,operands,profile,status,tests
0x00,nop,none,baseline,m2_integer_slice,tests/test_vm_int.py
0x01,aconst_null,none,baseline,m2_reference_slice,tests/test_vm_arrays.py;tests/test_vm_objects.py
0x02,iconst_m1,none,baseline,m2_integer_slice,tests/test_vm_int.py
0x03,iconst_0,none,baseline,m2_integer_slice,tests/test_vm_int.py
0x04,iconst_1,none,baseline,m2_integer_slice,tests/test_vm_int.py
0x05,iconst_2,none,baseline,m2_integer_slice,tests/test_vm_int.py
0x06,iconst_3,none,baseline,m2_integer_slice,tests/test_vm_int.py
0x07,iconst_4,none,baseline,m2_integer_slice,tests/test_vm_int.py
0x08,iconst_5,none,baseline,m2_integer_slice,tests/test_vm_int.py
0x09,lconst_0,none,baseline,not_implemented,
0x0a,lconst_1,none,baseline,not_implemented,
0x0b,fconst_0,none,extended_float,not_implemented,
0x0c,fconst_1,none,extended_float,not_implemented,
0x0d,fconst_2,none,extended_float,not_implemented,
0x0e,dconst_0,none,extended_float,not_implemented,
0x0f,dconst_1,none,extended_float,not_implemented,
0x10,bipush,s1,baseline,m2_integer_slice,tests/test_vm_int.py
0x11,sipush,s2,baseline,m2_integer_slice,tests/test_vm_int.py
0x12,ldc,cp1,baseline,partial_integer_only,tests/test_vm_int.py
0x13,ldc_w,cp2,baseline,partial_integer_only,tests/test_vm_int.py
0x14,ldc2_w,cp2,baseline,not_implemented,
0x15,iload,u1,baseline,m2_integer_slice,tests/test_vm_int.py
0x16,lload,u1,baseline,not_implemented,
0x17,fload,u1,extended_float,not_implemented,
0x18,dload,u1,extended_float,not_implemented,
0x19,aload,u1,baseline,m2_reference_slice,tests/test_vm_arrays.py;tests/test_vm_objects.py
0x1a,iload_0,none,baseline,m2_integer_slice,tests/test_vm_int.py
0x1b,iload_1,none,baseline,m2_integer_slice,tests/test_vm_int.py
0x1c,iload_2,none,baseline,m2_integer_slice,tests/test_vm_int.py
0x1d,iload_3,none,baseline,m2_integer_slice,tests/test_vm_int.py
0x1e,lload_0,none,baseline,not_implemented,
0x1f,lload_1,none,baseline,not_implemented,
0x20,lload_2,none,baseline,not_implemented,
0x21,lload_3,none,baseline,not_implemented,
0x22,fload_0,none,extended_float,not_implemented,
0x23,fload_1,none,extended_float,not_implemented,
0x24,fload_2,none,extended_float,not_implemented,
0x25,fload_3,none,extended_float,not_implemented,
0x26,dload_0,none,extended_float,not_implemented,
0x27,dload_1,none,extended_float,not_implemented,
0x28,dload_2,none,extended_float,not_implemented,
0x29,dload_3,none,extended_float,not_implemented,
0x2a,aload_0,none,baseline,m2_reference_slice,tests/test_vm_arrays.py;tests/test_vm_objects.py
0x2b,aload_1,none,baseline,m2_reference_slice,tests/test_vm_arrays.py;tests/test_vm_objects.py
0x2c,aload_2,none,baseline,m2_reference_slice,tests/test_vm_arrays.py
0x2d,aload_3,none,baseline,m2_reference_slice,tests/test_vm_arrays.py
0x2e,iaload,none,baseline,m2_array_slice,tests/test_vm_arrays.py
0x2f,laload,none,baseline,not_implemented,
0x30,faload,none,extended_float,not_implemented,
0x31,daload,none,extended_float,not_implemented,
0x32,aaload,none,baseline,m2_reference_array_slice,tests/test_vm_hierarchy.py
0x33,baload,none,baseline,m2_array_slice,tests/test_vm_arrays.py
0x34,caload,none,baseline,m2_array_slice,tests/test_vm_arrays.py
0x35,saload,none,baseline,m2_array_slice,tests/test_vm_arrays.py
0x36,istore,u1,baseline,m2_integer_slice,tests/test_vm_int.py
0x37,lstore,u1,baseline,not_implemented,
0x38,fstore,u1,extended_float,not_implemented,
0x39,dstore,u1,extended_float,not_implemented,
0x3a,astore,u1,baseline,m2_reference_slice,tests/test_vm_arrays.py
0x3b,istore_0,none,baseline,m2_integer_slice,tests/test_vm_int.py
0x3c,istore_1,none,baseline,m2_integer_slice,tests/test_vm_int.py
0x3d,istore_2,none,baseline,m2_integer_slice,tests/test_vm_int.py
0x3e,istore_3,none,baseline,m2_integer_slice,tests/test_vm_int.py
0x3f,lstore_0,none,baseline,not_implemented,
0x40,lstore_1,none,baseline,not_implemented,
0x41,lstore_2,none,baseline,not_implemented,
0x42,lstore_3,none,baseline,not_implemented,
0x43,fstore_0,none,extended_float,not_implemented,
0x44,fstore_1,none,extended_float,not_implemented,
0x45,fstore_2,none,extended_float,not_implemented,
0x46,fstore_3,none,extended_float,not_implemented,
0x47,dstore_0,none,extended_float,not_implemented,
0x48,dstore_1,none,extended_float,not_implemented,
0x49,dstore_2,none,extended_float,not_implemented,
0x4a,dstore_3,none,extended_float,not_implemented,
0x4b,astore_0,none,baseline,m2_reference_slice,tests/test_vm_arrays.py
0x4c,astore_1,none,baseline,m2_reference_slice,tests/test_vm_arrays.py;tests/test_vm_objects.py
0x4d,astore_2,none,baseline,m2_reference_slice,tests/test_vm_arrays.py
0x4e,astore_3,none,baseline,m2_reference_slice,tests/test_vm_arrays.py
0x4f,iastore,none,baseline,m2_array_slice,tests/test_vm_arrays.py
0x50,lastore,none,baseline,not_implemented,
0x51,fastore,none,extended_float,not_implemented,
0x52,dastore,none,extended_float,not_implemented,
0x53,aastore,none,baseline,m2_reference_array_slice,tests/test_vm_hierarchy.py
0x54,bastore,none,baseline,m2_array_slice,tests/test_vm_arrays.py
0x55,castore,none,baseline,m2_array_slice,tests/test_vm_arrays.py
0x56,sastore,none,baseline,m2_array_slice,tests/test_vm_arrays.py
0x57,pop,none,baseline,m2_category1_slice,tests/test_vm_int.py;tests/test_vm_arrays.py
0x58,pop2,none,baseline,not_implemented,
0x59,dup,none,baseline,m2_category1_slice,tests/test_vm_int.py;tests/test_vm_arrays.py;tests/test_vm_objects.py
0x5a,dup_x1,none,baseline,not_implemented,
0x5b,dup_x2,none,baseline,not_implemented,
0x5c,dup2,none,baseline,not_implemented,
0x5d,dup2_x1,none,baseline,not_implemented,
0x5e,dup2_x2,none,baseline,not_implemented,
0x5f,swap,none,baseline,m2_category1_slice,tests/test_vm_int.py;tests/test_vm_arrays.py
0x60,iadd,none,baseline,m2_integer_slice,tests/test_vm_int.py
0x61,ladd,none,baseline,not_implemented,
0x62,fadd,none,extended_float,not_implemented,
0x63,dadd,none,extended_float,not_implemented,
0x64,isub,none,baseline,m2_integer_slice,tests/test_vm_int.py
0x65,lsub,none,baseline,not_implemented,
0x66,fsub,none,extended_float,not_implemented,
0x67,dsub,none,extended_float,not_implemented,
0x68,imul,none,baseline,m2_integer_slice,tests/test_vm_int.py
0x69,lmul,none,baseline,not_implemented,
0x6a,fmul,none,extended_float,not_implemented,
0x6b,dmul,none,extended_float,not_implemented,
0x6c,idiv,none,baseline,m2_integer_slice,tests/test_vm_int.py
0x6d,ldiv,none,baseline,not_implemented,
0x6e,fdiv,none,extended_float,not_implemented,
0x6f,ddiv,none,extended_float,not_implemented,
0x70,irem,none,baseline,m2_integer_slice,tests/test_vm_int.py
0x71,lrem,none,baseline,not_implemented,
0x72,frem,none,extended_float,not_implemented,
0x73,drem,none,extended_float,not_implemented,
0x74,ineg,none,baseline,m2_integer_slice,tests/test_vm_int.py
0x75,lneg,none,baseline,not_implemented,
0x76,fneg,none,extended_float,not_implemented,
0x77,dneg,none,extended_float,not_implemented,
0x78,ishl,none,baseline,m2_integer_slice,tests/test_vm_int.py
0x79,lshl,none,baseline,not_implemented,
0x7a,ishr,none,baseline,m2_integer_slice,tests/test_vm_int.py
0x7b,lshr,none,baseline,not_implemented,
0x7c,iushr,none,baseline,m2_integer_slice,tests/test_vm_int.py
0x7d,lushr,none,baseline,not_implemented,
0x7e,iand,none,baseline,m2_integer_slice,tests/test_vm_int.py
0x7f,land,none,baseline,not_implemented,
0x80,ior,none,baseline,m2_integer_slice,tests/test_vm_int.py
0x81,lor,none,baseline,not_implemented,
0x82,ixor,none,baseline,m2_integer_slice,tests/test_vm_int.py
0x83,lxor,none,baseline,not_implemented,
0x84,iinc,"local1,s1",baseline,m2_integer_slice,tests/test_vm_int.py
0x85,i2l,none,baseline,not_implemented,
0x86,i2f,none,extended_float,not_implemented,
0x87,i2d,none,extended_float,not_implemented,
0x88,l2i,none,baseline,not_implemented,
0x89,l2f,none,extended_float,not_implemented,
0x8a,l2d,none,extended_float,not_implemented,
0x8b,f2i,none,extended_float,not_implemented,
0x8c,f2l,none,extended_float,not_implemented,
0x8d,f2d,none,extended_float,not_implemented,
0x8e,d2i,none,extended_float,not_implemented,
0x8f,d2l,none,extended_float,not_implemented,
0x90,d2f,none,extended_float,not_implemented,
0x91,i2b,none,baseline,m2_integer_slice,tests/test_vm_int.py
0x92,i2c,none,baseline,m2_integer_slice,tests/test_vm_int.py
0x93,i2s,none,baseline,m2_integer_slice,tests/test_vm_int.py
0x94,lcmp,none,baseline,not_implemented,
0x95,fcmpl,none,extended_float,not_implemented,
0x96,fcmpg,none,extended_float,not_implemented,
0x97,dcmpl,none,extended_float,not_implemented,
0x98,dcmpg,none,extended_float,not_implemented,
0x99,ifeq,branch2,baseline,m2_integer_slice,tests/test_vm_int.py
0x9a,ifne,branch2,baseline,m2_integer_slice,tests/test_vm_int.py
0x9b,iflt,branch2,baseline,m2_integer_slice,tests/test_vm_int.py
0x9c,ifge,branch2,baseline,m2_integer_slice,tests/test_vm_int.py
0x9d,ifgt,branch2,baseline,m2_integer_slice,tests/test_vm_int.py
0x9e,ifle,branch2,baseline,m2_integer_slice,tests/test_vm_int.py
0x9f,if_icmpeq,branch2,baseline,m2_integer_slice,tests/test_vm_int.py
0xa0,if_icmpne,branch2,baseline,m2_integer_slice,tests/test_vm_int.py
0xa1,if_icmplt,branch2,baseline,m2_integer_slice,tests/test_vm_int.py
0xa2,if_icmpge,branch2,baseline,m2_integer_slice,tests/test_vm_int.py
0xa3,if_icmpgt,branch2,baseline,m2_integer_slice,tests/test_vm_int.py
0xa4,if_icmple,branch2,baseline,m2_integer_slice,tests/test_vm_int.py
0xa5,if_acmpeq,branch2,baseline,m2_reference_slice,tests/test_vm_arrays.py
0xa6,if_acmpne,branch2,baseline,m2_reference_slice,tests/test_vm_arrays.py
0xa7,goto,branch2,baseline,m2_integer_slice,tests/test_vm_int.py
0xa8,jsr,branch2,baseline,rejected,
0xa9,ret,u1,baseline,rejected,
0xaa,tableswitch,variable,baseline,not_implemented,
0xab,lookupswitch,variable,baseline,not_implemented,
0xac,ireturn,none,baseline,m2_integer_slice,tests/test_vm_int.py
0xad,lreturn,none,baseline,not_implemented,
0xae,freturn,none,extended_float,not_implemented,
0xaf,dreturn,none,extended_float,not_implemented,
0xb0,areturn,none,baseline,not_implemented,
0xb1,return,none,baseline,partial_constructor_return,tests/test_vm_objects.py
0xb2,getstatic,cp2,baseline,not_implemented,
0xb3,putstatic,cp2,baseline,not_implemented,
0xb4,getfield,cp2,baseline,partial_inherited_fields,tests/test_vm_objects.py;tests/test_vm_hierarchy.py
0xb5,putfield,cp2,baseline,partial_inherited_fields,tests/test_vm_objects.py;tests/test_vm_hierarchy.py
0xb6,invokevirtual,cp2,baseline,partial_virtual_integer,tests/test_vm_hierarchy.py
0xb7,invokespecial,cp2,baseline,partial_constructor_chain,tests/test_vm_objects.py;tests/test_vm_hierarchy.py
0xb8,invokestatic,cp2,baseline,partial_static_integer,tests/test_vm_int.py;tests/test_vm_jar.py
0xb9,invokeinterface,"cp2,u1,u1",baseline,not_implemented,
0xba,invokedynamic,"cp2,u1,u1",out_of_scope,rejected,
0xbb,new,cp2,baseline,partial_object_hierarchy,tests/test_vm_objects.py;tests/test_vm_hierarchy.py
0xbc,newarray,atype1,baseline,partial_primitive_arrays,tests/test_vm_arrays.py
0xbd,anewarray,cp2,baseline,partial_reference_array,tests/test_vm_hierarchy.py
0xbe,arraylength,none,baseline,m2_array_slice,tests/test_vm_arrays.py
0xbf,athrow,none,baseline,not_implemented,
0xc0,checkcast,cp2,baseline,partial_typecheck,tests/test_vm_hierarchy.py
0xc1,instanceof,cp2,baseline,partial_typecheck,tests/test_vm_hierarchy.py
0xc2,monitorenter,none,baseline,not_implemented,
0xc3,monitorexit,none,baseline,not_implemented,
0xc4,wide,variable,baseline,partial_integer_ref,tests/test_vm_int.py;tests/test_vm_arrays.py
0xc5,multianewarray,"cp2,u1",baseline,not_implemented,
0xc6,ifnull,branch2,baseline,m2_reference_slice,tests/test_vm_arrays.py
0xc7,ifnonnull,branch2,baseline,m2_reference_slice,tests/test_vm_arrays.py
0xc8,goto_w,branch4,baseline,m2_integer_slice,tests/test_vm_int.py
0xc9,jsr_w,branch4,baseline,rejected,
0xca,breakpoint,none,out_of_scope,rejected,
0xcb,unassigned,none,out_of_scope,rejected,
0xcc,unassigned,none,out_of_scope,rejected,
0xcd,unassigned,none,out_of_scope,rejected,
0xce,unassigned,none,out_of_scope,rejected,
0xcf,unassigned,none,out_of_scope,rejected,
0xd0,unassigned,none,out_of_scope,rejected,
0xd1,unassigned,none,out_of_scope,rejected,
0xd2,unassigned,none,out_of_scope,rejected,
0xd3,unassigned,none,out_of_scope,rejected,
0xd4,unassigned,none,out_of_scope,rejected,
0xd5,unassigned,none,out_of_scope,rejected,
0xd6,unassigned,none,out_of_scope,rejected,
0xd7,unassigned,none,out_of_scope,rejected,
0xd8,unassigned,none,out_of_scope,rejected,
0xd9,unassigned,none,out_of_scope,rejected,
0xda,unassigned,none,out_of_scope,rejected,
0xdb,unassigned,none,out_of_scope,rejected,
0xdc,unassigned,none,out_of_scope,rejected,
0xdd,unassigned,none,out_of_scope,rejected,
0xde,unassigned,none,out_of_scope,rejected,
0xdf,unassigned,none,out_of_scope,rejected,
0xe0,unassigned,none,out_of_scope,rejected,
0xe1,unassigned,none,out_of_scope,rejected,
0xe2,unassigned,none,out_of_scope,rejected,
0xe3,unassigned,none,out_of_scope,rejected,
0xe4,unassigned,none,out_of_scope,rejected,
0xe5,unassigned,none,out_of_scope,rejected,
0xe6,unassigned,none,out_of_scope,rejected,
0xe7,unassigned,none,out_of_scope,rejected,
0xe8,unassigned,none,out_of_scope,rejected,
0xe9,unassigned,none,out_of_scope,rejected,
0xea,unassigned,none,out_of_scope,rejected,
0xeb,unassigned,none,out_of_scope,rejected,
0xec,unassigned,none,out_of_scope,rejected,
0xed,unassigned,none,out_of_scope,rejected,
0xee,unassigned,none,out_of_scope,rejected,
0xef,unassigned,none,out_of_scope,rejected,
0xf0,unassigned,none,out_of_scope,rejected,
0xf1,unassigned,none,out_of_scope,rejected,
0xf2,unassigned,none,out_of_scope,rejected,
0xf3,unassigned,none,out_of_scope,rejected,
0xf4,unassigned,none,out_of_scope,rejected,
0xf5,unassigned,none,out_of_scope,rejected,
0xf6,unassigned,none,out_of_scope,rejected,
0xf7,unassigned,none,out_of_scope,rejected,
0xf8,unassigned,none,out_of_scope,rejected,
0xf9,unassigned,none,out_of_scope,rejected,
0xfa,unassigned,none,out_of_scope,rejected,
0xfb,unassigned,none,out_of_scope,rejected,
0xfc,unassigned,none,out_of_scope,rejected,
0xfd,unassigned,none,out_of_scope,rejected,
0xfe,impdep1,none,out_of_scope,rejected,
0xff,impdep2,none,out_of_scope,rejected,
